Gene,Chromosome,Start,End,-4.5,0.5,1.0,1.5,2.0,2.5,3.0,3.5,4.0,4.5,5.0,5.5,6.0,6.5,7.0,7.5,8.0,8.5,9.0,9.5,10.0,10.5,11.0,11.5,12.0,12.5,13.0,13.5,14.0,15.0,16.0,17.0,18.0,19.0,20.0,21.0,22.0,23.0,24.0,25.0,26.0,27.0,28.0
ABCA3,17,24570924,24629175,7.627285714285714,8.189,8.53575,8.363,8.7666,8.44325,8.0104,7.7755,8.34825,8.1025,7.74925,8.09875,8.4365,8.477,8.206199999999999,7.7135,8.002500000000001,8.221250000000001,8.1205,7.37525,8.0735,8.24525,8.17175,8.26625,8.350000000000001,8.473500000000001,8.528500000000001,7.050333333333334,8.26575,8.382000000000001,8.2335,8.60025,8.7195,8.579500000000001,8.546999999999999,8.719750000000001,8.35725,8.5275,8.77675,8.9605,8.84875,9.049000000000001,8.982
ABCD1,X,72760203,72782140,6.002714285714285,6.617,5.284,7.4505,6.2234,6.083500000000001,6.0282,5.78475,6.12825,6.1705,5.8685,6.431500000000001,5.9675,6.23925,6.51,6.576499999999999,5.900499999999999,6.5355,6.076,7.0535000000000005,6.4745,6.0855,5.985,6.2045,6.0962499999999995,6.47475,6.2177500000000006,6.559666666666668,6.238499999999999,6.207,6.707,6.73975,6.525,6.532,6.465333333333334,6.59275,6.24625,6.55025,6.593999999999999,6.5815,6.34375,6.56675,6.70375
ABCG2,6,58561508,58672661,6.9590000000000005,5.42025,6.058999999999999,5.314,5.9778,5.6965,5.3,5.9485,6.30325,6.079750000000001,5.91175,5.89025,6.5655,5.492,5.0268,7.368499999999999,5.69625,6.067,5.64375,6.054,5.3565000000000005,6.1605,5.39625,5.649500000000001,6.286,5.55075,5.35275,6.074000000000001,5.63375,5.963,5.9559999999999995,5.346,6.505749999999999,5.46575,6.5040000000000004,6.42575,6.1655,5.585750000000001,6.144,6.22875,6.316749999999999,6.217499999999999,6.63725
Acta2,19,34218490,34232990,4.231571428571429,2.9270000000000005,4.763,4.16,4.2744,4.66575,4.848599999999999,4.59525,4.167,4.582999999999999,4.22875,4.336749999999999,4.437749999999999,3.59075,4.529,4.4075,4.044499999999999,4.93075,3.811,4.811999999999999,4.154,4.4944999999999995,3.43175,3.8819999999999997,3.6702500000000002,3.50125,4.31325,4.354666666666667,3.6900000000000004,3.4417500000000003,4.260999999999999,3.49275,3.0115000000000003,4.0775,4.181666666666667,3.02825,3.6405000000000003,3.383,3.036,3.5607499999999996,3.5285,3.5635000000000003,3.00325
actb,5,142888870,142892509,14.956000000000001,14.079,13.6545,14.079,14.079000000000002,14.298250000000001,14.4298,14.298250000000001,14.298250000000001,14.079,14.298250000000001,14.5175,14.079,14.079,14.079000000000002,14.079,14.079,14.079,14.079,12.2225,14.079,14.079,14.079,14.079,14.079,14.079,14.079,14.079,14.079,14.079,14.079,14.079,14.079,14.079,14.079,14.079,14.079,14.079,14.079,14.079,14.079,14.079,14.079
ADAMTSL2,2,26969391,26998993,6.198142857142857,7.67,7.96025,7.5794999999999995,6.7048000000000005,5.984,5.289,5.6595,5.5475,6.2052499999999995,6.037,5.83075,5.85025,6.06825,6.407000000000001,6.72,6.8385,8.70175,7.63775,7.419,7.8965,8.275,8.37725,8.423000000000002,8.64975,8.9315,8.922,9.463666666666667,8.838750000000001,9.38525,9.72425,9.6345,9.399499999999998,8.86975,8.499666666666668,8.6385,8.18,8.16625,8.3855,8.2645,8.913250000000001,8.1955,8.941749999999999
AGER,17,34816836,34819910,9.043571428571429,12.12725,11.742500000000001,12.381,12.381,12.381,12.381,12.381,12.381,12.381,12.381,12.381,12.25275,12.381,12.0732,12.381,12.124500000000001,12.25275,11.996250000000002,11.638000000000002,11.868,11.99625,11.996250000000002,11.996250000000002,11.868,12.124500000000001,12.124500000000001,12.21,11.996250000000002,12.381,12.25275,12.25275,12.381,12.25275,12.381,12.381,12.381,12.381,12.381,12.381,12.381,12.381,12.381
Akt,12,112620255,112641318,8.811,7.87075,7.695,8.880500000000001,8.2244,8.654250000000001,8.638,8.648,8.792250000000001,8.94925,8.671000000000001,9.061,8.762500000000001,8.8485,8.850600000000002,7.648,8.98425,9.247250000000001,8.9055,8.08625,8.31175,7.7365,9.062,8.86125,8.557,8.652000000000001,8.54575,7.614666666666667,8.40175,8.408750000000001,8.076,8.4305,8.132000000000001,8.09625,7.738666666666666,7.994249999999999,8.275,8.04725,8.316749999999999,8.15025,8.009,8.0555,8.042
ALDH1A1 (PMID 11751205),19,20470079,20620829,6.379142857142858,9.70625,8.18675,8.837,9.832600000000001,9.3005,9.2224,8.583,8.35325,7.46025,7.676,7.26075,8.001,7.5095,7.737,7.558,8.2455,7.179499999999999,7.835,6.62925,7.57025,7.36225,7.643,7.684749999999999,8.2665,8.1775,7.841,9.120333333333335,8.88625,8.454500000000001,8.873000000000001,9.413,9.63875,10.04775,9.964333333333334,9.765,8.574,9.0205,10.32225,9.716249999999999,10.031749999999999,9.69,10.1945
ALDH1A2,9,71123071,71203525,5.284428571428571,4.5265,4.91,5.294499999999999,4.371599999999999,5.25375,3.7094,3.419,4.42975,4.42375,4.295,4.35075,3.438,4.51825,3.3868,3.2595,4.25775,3.8535000000000004,3.5195,5.1899999999999995,4.19425,4.119,3.5065,3.3377499999999998,4.34675,3.1590000000000003,3.80525,3.8236666666666665,3.6925,3.2765,3.8865,3.93325,3.972,3.42775,4.111,3.82075,3.184,4.10025,3.2602499999999996,3.9455,3.759,3.0337500000000004,3.9305000000000003
AMACR,15,10981842,10996712,2.3864285714285716,3.0555000000000003,2.682,2.24,2.531,2.22375,3.4737999999999998,3.0405,2.0765000000000002,2.91825,2.5032500000000004,2.68725,2.3715,2.93275,2.9428,3.2595,2.6102499999999997,2.943,3.0715,3.74075,3.40475,4.1755,2.9010000000000002,2.77725,2.16575,2.35225,2.9859999999999998,2.978,2.53575,2.5717499999999998,2.696,3.3202499999999997,2.65325,3.02575,2.505666666666667,2.089,2.5722500000000004,2.93625,2.63625,2.86425,2.435,2.98025,2.7155
Aqp5(Aquaporin),15,99488663,99492710,3.210142857142857,7.48975,7.6754999999999995,7.6965,7.6196,8.024750000000001,7.8336,7.780749999999999,7.934750000000001,8.219249999999999,8.01925,8.36125,8.08075,8.414250000000001,8.514199999999999,8.2565,8.028,9.040000000000001,8.493250000000002,8.04825,8.75625,8.17075,8.527750000000001,8.755,8.40025,8.54875,8.70775,8.501,8.02,8.67725,9.15075,8.431750000000001,8.342,8.4515,8.833,8.49775,8.43725,9.015,8.97425,8.871749999999999,8.650500000000001,8.655000000000001,8.648499999999999
ATP1B1,1,164264678,164285924,8.577714285714285,9.122,9.446250000000001,9.0265,8.233600000000001,8.38725,7.872400000000002,7.37975,7.63875,7.400500000000001,7.507250000000001,7.39675,7.647500000000001,7.5585,7.4804,7.259,7.4094999999999995,7.133750000000001,7.413,6.577,7.099749999999999,7.108,7.3180000000000005,7.184749999999999,7.5817499999999995,7.51,7.31475,8.030333333333333,7.45675,7.8965,7.90825,7.4232499999999995,8.511750000000001,8.638250000000001,9.012,8.40275,8.61625,8.15325,8.81625,8.46125,9.35575,8.68225,9.429499999999999
b2m,2,121978167,121983564,9.339428571428572,10.0185,10.18025,9.369,10.2442,10.2475,10.408199999999999,10.10675,10.4195,10.064250000000001,11.215,10.3845,10.5185,10.89475,11.0608,10.274999999999999,10.1945,10.460749999999999,10.23475,9.18675,10.56925,10.238,10.55,10.9655,10.53275,10.763250000000001,10.9785,11.115666666666668,10.77625,11.094,10.9905,11.094,11.366,11.24625,11.151333333333334,11.332,11.4915,11.366,11.549000000000001,11.366,11.617,11.4915,11.366
BCL2A1,1,106465908,106642004,5.660142857142858,7.531,7.77125,7.462,8.103399999999999,7.801,7.966999999999999,7.58725,7.4517500000000005,6.95275,6.4855,6.94125,7.348,7.070500000000001,7.263400000000002,5.621499999999999,7.2322500000000005,6.586,6.5657499999999995,7.316000000000001,6.536,6.5515,6.655500000000001,6.82,7.18375,6.672750000000001,7.099,6.781,7.09075,7.133000000000001,7.326499999999999,7.182,7.3545,7.246500000000001,7.46,7.42675,7.19425,7.85425,7.31325,7.85225,7.94775,8.0135,7.6907499999999995
C/EBP,2,167530835,167532338,4.840999999999999,4.11475,4.388,3.6645,4.2158,4.6392500000000005,3.2582,4.2025,4.159,4.12275,4.148,3.856,4.797,3.9522499999999994,3.2838000000000003,5.4755,4.85675,5.04775,4.53825,3.93275,3.8792500000000003,4.16275,4.0545,3.5549999999999997,4.614750000000001,4.14825,4.18425,4.505333333333334,4.395250000000001,4.20375,4.143000000000001,4.2675,4.7915,3.97825,4.130333333333334,4.9807500000000005,4.6355,4.05075,4.5435,4.633249999999999,4.76375,4.77525,5.236750000000001
CD38,5,44025895,44069717,6.304142857142857,6.3847499999999995,6.31925,6.646,6.768600000000001,6.6579999999999995,5.9968,6.9094999999999995,6.82925,6.71875,6.70525,6.93525,7.266,6.9685,6.6304,7.646,7.401,7.744,7.649249999999999,6.56525,7.3325,6.9625,7.6225000000000005,7.51775,7.473999999999999,7.67725,7.794499999999999,7.6306666666666665,7.531,7.8995,8.19125,8.2115,8.1335,8.298499999999999,7.497333333333334,8.2515,7.93925,8.118500000000001,7.8839999999999995,8.11575,7.5882499999999995,7.6455,7.67975
CD68,11,69555039,69556979,4.967714285714286,5.5569999999999995,5.7875,6.0504999999999995,7.113200000000001,6.85075,6.9866,6.6065,6.41375,5.87025,5.5755,6.1325,6.60775,6.702500000000001,6.0948,6.345000000000001,6.0395,5.195,5.934,5.7757499999999995,6.218999999999999,6.033250000000001,5.9885,6.00825,6.513,6.0245,6.30725,5.384666666666667,6.60075,6.55875,6.46025,6.26325,6.523999999999999,6.648750000000001,6.760666666666666,7.342499999999999,6.71575,7.166250000000001,7.00075,7.31775,7.16625,7.577249999999999,7.324999999999999
Cdh11,8,103358727,103512274,10.254285714285714,9.494250000000001,8.69625,9.373,10.02,10.0595,9.938799999999999,10.644499999999999,10.23475,10.347999999999999,10.456,10.2415,10.413499999999999,10.347999999999999,10.1258,10.340499999999999,10.29725,9.5025,9.9865,9.17925,9.96025,9.9665,9.2725,9.462,9.5595,9.5435,9.1775,8.846666666666666,9.82375,8.96,8.977,8.8925,8.73825,8.51375,8.459333333333333,8.548000000000002,8.392,8.84975,8.38325,8.621,8.150749999999999,8.42025,8.0735
Chi3l1,1,134109914,134117919,3.2411428571428575,8.10225,9.300749999999999,7.6505,9.4848,9.633,9.404,9.346,9.69975,8.78625,8.56625,8.870249999999999,9.65125,8.996250000000002,9.2792,9.6615,9.20525,9.283000000000001,9.11675,7.82875,9.1405,8.981250000000001,8.53225,9.08375,10.18175,9.1615,9.339749999999999,9.795666666666667,9.502749999999999,9.895,9.265,9.2335,10.16175,9.854,10.901000000000002,10.85425,10.494,10.4885,10.4925,10.94925,10.71725,10.874,11.377500000000001
Chi3l3/Chi3l4,1,134109914,134117919,3.5189999999999997,5.80375,5.7465,5.739000000000001,5.468,5.489,5.7308,5.525250000000001,3.4779999999999998,4.5055000000000005,4.62125,4.68675,4.763999999999999,5.5032499999999995,5.550400000000001,4.71,6.414,5.128,7.95825,6.6845,9.31425,6.609999999999999,7.700000000000001,6.70075,8.49675,7.882250000000001,9.6575,8.135333333333334,8.15875,8.57175,8.17525,7.917,8.38225,9.4085,9.451,9.103250000000001,8.729,9.3355,9.261,9.541500000000001,9.732,9.75225,9.559999999999999
Claudin 1,16,26175392,26190591,6.710571428571429,6.21725,6.0104999999999995,6.1715,5.8864,5.682,5.686400000000001,4.94325,5.057,4.6834999999999996,4.68,4.7675,4.59625,4.36175,4.7946,4.6225000000000005,4.6865000000000006,3.70875,4.92375,4.54225,5.53625,5.13525,4.89475,5.228,5.1587499999999995,5.63325,5.51875,5.751666666666666,5.889,5.1715,4.25375,5.2455,5.5055000000000005,5.6129999999999995,5.1386666666666665,5.301,5.291,4.8525,5.3325,4.76825,5.3375,5.190250000000001,5.23675
Claudin 3,5,135015068,135016326,6.1372857142857145,7.06775,6.8172500000000005,6.9775,6.728399999999999,6.5275,6.2776,6.070500000000001,6.31675,6.13175,5.923749999999999,5.74425,6.215999999999999,6.2467500000000005,6.211,4.954,5.546,6.677,6.0882499999999995,5.881,5.686249999999999,5.132,6.112,5.767,5.68725,5.96325,5.368499999999999,6.464666666666666,6.046250000000001,5.78925,5.7395,5.844999999999999,6.06975,6.202500000000001,6.207333333333334,5.63475,5.943499999999999,6.251,6.220000000000001,6.232749999999999,6.375,6.0865,6.22175
Claudin 7,11,69855605,69858711,5.873428571428572,6.133,6.14325,6.497,6.3558,6.362,6.543000000000001,6.400500000000001,6.32625,6.237,6.00125,6.7625,6.12675,5.82025,6.486,5.181,6.31475,7.08375,6.651249999999999,6.101249999999999,6.834999999999999,6.258,6.03675,6.2844999999999995,6.0245,6.0305,5.930499999999999,6.167000000000001,5.804250000000001,6.1055,6.2547500000000005,6.218999999999999,5.999750000000001,5.9502500000000005,6.068666666666666,5.90725,6.06525,6.39825,6.4835,6.085500000000001,6.24125,5.9625,6.08225
Claudin5,16,18595597,18597012,6.964857142857142,8.82975,8.526,9.433,9.093399999999999,9.99,9.6656,9.533249999999999,9.34525,9.8585,9.558250000000001,10.12475,9.716,9.7595,9.880199999999999,8.725000000000001,10.08725,10.82175,10.42975,8.969750000000001,9.868500000000001,10.063749999999999,10.745,10.31175,9.97625,10.049999999999999,10.35825,9.757,9.81025,10.45875,10.282,10.456,10.0595,9.70375,9.219,9.68125,9.507,9.779250000000001,9.778749999999999,9.74575,9.30125,9.6205,9.03475
Col1a1,11,94827050,94843868,10.563714285714285,9.869,9.9535,10.052,10.0898,10.776250000000001,10.8394,11.0585,11.172,10.623750000000001,10.727,10.9665,10.60025,10.608,10.7034,10.727,10.73975,10.689,10.856250000000001,9.848749999999999,11.1265,11.137,10.8975,11.01725,10.63275,10.793999999999999,10.1235,10.618666666666668,10.53375,9.992999999999999,9.604500000000002,9.644250000000001,9.0325,9.29725,9.34,9.18625,9.44125,9.22525,9.018,9.018,8.835249999999998,8.8345,8.888
Ctnna2,6,76858620,77956682,4.175714285714285,3.3970000000000002,3.2625,3.0925000000000002,3.6078,3.03325,3.5736000000000003,2.713,2.95825,3.5067500000000003,3.8922499999999998,2.8945,2.94175,3.4490000000000003,3.2808000000000006,4.0009999999999994,2.8930000000000002,4.068,3.1445000000000003,4.0275,3.9735000000000005,3.846,4.66675,3.04525,2.787,2.861,3.7432499999999997,3.4546666666666668,3.55525,3.39225,3.67425,2.9102500000000004,3.18175,3.5850000000000004,3.327666666666667,2.9585,2.9705000000000004,4.3225,2.97125,3.1955,3.58775,2.9399999999999995,2.8680000000000003
CTPS2,X,161684234,161815504,6.955,6.96125,5.936,6.289,6.508800000000001,6.345000000000001,6.6044,6.41425,6.381500000000001,6.2385,6.874499999999999,6.415,6.2735,6.091,6.205,6.7515,6.0927500000000006,6.364749999999999,5.8919999999999995,6.27175,6.7225,5.5585,6.117,6.32625,6.25275,6.46525,6.09025,6.189666666666667,6.37925,6.45725,6.800000000000001,6.53925,6.332000000000001,6.402500000000001,6.481333333333333,6.43125,6.65325,6.5595,6.43775,6.3975,6.4197500000000005,6.41725,6.48575
DLK1,12,109418749,109429262,9.339142857142859,10.31575,10.950000000000001,10.654,8.177600000000002,7.308,7.780000000000001,7.74,7.94175,7.32,8.156250000000002,7.907,6.6825,6.614000000000001,6.35,4.8055,6.02275,5.574000000000001,4.68075,5.5345,4.00625,3.8040000000000003,4.1267499999999995,4.32625,2.9955,3.131,3.1454999999999997,3.177,3.126,3.2660000000000005,3.4400000000000004,2.87425,2.8569999999999998,3.515,3.3546666666666667,3.0047499999999996,4.52175,3.5435000000000003,3.30025,2.464,3.4907500000000002,2.41325,2.4905
Dnmt3a,12,3856007,3964443,6.5125714285714285,6.353,5.5360000000000005,6.6,5.8886,6.55625,5.9424,6.2145,6.0485,6.3107500000000005,6.00675,6.25525,6.09775,6.2795000000000005,6.0458,6.5,6.388249999999999,5.6442499999999995,6.64025,5.8942499999999995,6.49025,6.16625,6.598,6.662000000000001,6.08275,6.4235,6.394,6.196666666666666,6.104,6.29675,6.31725,6.391,6.1345,5.858,5.773666666666666,5.88875,5.616,5.380999999999999,5.77575,5.66725,5.393750000000001,5.556,5.41225
E2F8,7,48516177,48531344,5.526428571428572,3.292,3.133,1.5924999999999998,2.6100000000000003,2.787,3.4128,3.5885000000000002,4.03075,3.085,3.5685000000000002,3.37025,4.057,3.1897499999999996,3.1654,4.553,3.04375,2.78325,3.381,3.8555,3.6710000000000003,4.492,3.45125,2.63575,3.1355000000000004,2.68725,3.2435,3.2769999999999997,2.43525,2.9930000000000003,2.85275,2.373,2.21675,2.27525,2.7420000000000004,3.0387500000000003,2.8405,2.41925,2.72825,2.23625,2.53475,3.00775,3.619
E-Cadherin (CDH1),8,107329983,107396878,8.051857142857143,9.10375,8.70825,8.911999999999999,8.7134,8.746,8.6244,8.35,8.4365,8.06725,8.2165,8.249,8.282250000000001,8.35,8.456999999999999,8.23,8.595,8.65775,8.52725,7.6160000000000005,8.515250000000002,8.33475,8.41525,8.19025,8.42625,8.026250000000001,8.27975,8.052999999999999,7.897,8.282,8.554499999999999,8.027249999999999,8.30325,8.34075,8.341999999999999,8.2935,8.35525,8.0995,8.530500000000002,8.38425,8.332,8.60425,8.402999999999999
EGFR (Epidermal growth factor receptor) (PMID 22916088 22245996),11,16702203,16868158,5.436285714285715,6.34175,6.11275,7.1455,6.481200000000001,6.353,6.165400000000001,6.08325,5.8975,6.51225,6.454000000000001,5.871,5.5985,5.773000000000001,6.0886,5.131,5.879250000000001,6.656750000000001,5.73025,6.11625,5.343,5.1005,5.9342500000000005,5.85075,6.30325,6.0545,5.8885000000000005,5.3709999999999996,6.263,6.5855,6.29725,6.01,6.149,5.708499999999999,6.263333333333333,5.838,6.4245,5.858750000000001,6.0962499999999995,5.8445,6.60125,6.8637500000000005,6.0865
Eln,5,134731447,134776177,9.470857142857144,11.3555,10.82225,11.868,11.0456,10.628,10.2626,10.53275,10.548,10.644499999999999,10.271249999999998,10.856,10.93325,10.5855,11.6902,10.6445,11.68575,11.74525,12.25275,11.50975,12.381,12.25275,12.25275,12.25275,12.381,12.124500000000001,12.124500000000001,12.039000000000001,12.25275,11.742500000000001,11.870750000000001,11.617,10.9905,10.44875,10.407333333333334,10.33775,10.832749999999999,10.64425,9.60725,9.52675,9.1195,8.82075,9.12575
Epcam,17,87943407,87958557,8.766142857142858,7.569999999999999,7.539499999999999,7.325,7.333999999999999,7.340999999999999,7.212000000000001,7.34475,7.17825,6.94825,6.88575,6.87225,6.98025,6.712,6.6655999999999995,6.839,6.802499999999999,6.35975,6.80525,7.111000000000001,6.52375,5.73625,6.3775,6.52425,6.56625,6.609500000000001,6.77975,6.491333333333333,6.3149999999999995,6.812250000000001,6.4985,6.0825,6.783,6.7525,7.071333333333333,6.9055,6.71975,6.6122499999999995,6.9510000000000005,6.86475,7.0520000000000005,6.779999999999999,7.109
EPHA3,16,63363897,63684538,7.715714285714286,6.923,6.94375,7.1865000000000006,7.0846,7.1335,6.5409999999999995,6.9335,6.2295,5.803,6.5817499999999995,6.4815000000000005,5.82175,6.609500000000001,5.7316,5.728,5.7605,5.1185,5.208749999999999,5.7575,5.07125,5.885250000000001,4.20775,5.02325,5.465249999999999,5.3455,5.684,5.41,5.02275,5.06275,5.149,5.4525,5.30225,5.236,5.644333333333333,4.78275,5.316,4.657,4.95575,5.13475,4.94325,4.734500000000001,5.35775
EPHA7,4,28813131,28967499,7.497142857142856,4.97725,5.57075,5.6945,5.47,5.79375,5.394,6.015,5.81925,6.0835,6.151,5.614,5.628,5.93975,5.8236,5.131,6.00525,5.804500000000001,5.247999999999999,6.62275,4.439500000000001,5.2565,5.5592500000000005,5.1545000000000005,5.375500000000001,5.1825,5.3525,5.710333333333334,5.4915,5.59975,5.318,5.151,5.40475,5.529999999999999,5.149666666666667,5.5375,5.6049999999999995,5.9105,5.139749999999999,5.436999999999999,5.293500000000001,5.199,5.02275
ERB,11,98303296,98328542,3.5138571428571432,4.37425,4.654,4.0525,4.4198,4.0295,4.585800000000001,3.926,3.207,3.8747499999999997,3.6709999999999994,4.31125,3.47375,3.4747500000000002,4.2749999999999995,3.2595,4.043,4.00025,3.4739999999999998,4.16475,4.1585,4.8525,4.32775,3.9335000000000004,4.3445,4.54425,4.968,4.858666666666667,4.1930000000000005,4.81025,5.1875,5.55425,5.28125,4.73,4.514,4.81925,4.918500000000001,5.2965,4.77975,4.93375,4.9795,4.9544999999999995,4.9285
EXT1,15,52927434,53209555,7.9350000000000005,7.3915,7.557499999999999,7.597,7.6502,8.091000000000001,8.018600000000001,8.3545,8.067,8.33425,8.38025,8.347750000000001,8.117999999999999,8.2895,8.389199999999999,8.554,8.083,7.6964999999999995,7.8175,7.647,7.576,6.9675,7.6434999999999995,7.896750000000001,7.69475,7.55175,7.54175,7.116333333333333,7.75725,7.4937499999999995,7.40525,7.53325,7.51775,7.2837499999999995,7.084666666666667,7.216,7.24475,7.09225,7.24025,7.13425,7.1655,7.194999999999999,7.21975
F13A1,13,37051152,37234220,6.214,6.1122499999999995,6.20825,5.176,5.7376,5.613499999999999,5.8058000000000005,4.584499999999999,4.81875,4.43725,4.928,4.58425,4.667,4.7852500000000004,4.8812,4.7275,4.458,4.415,4.269,4.913,4.8955,5.288250000000001,4.45925,4.49475,4.8805,4.18975,4.26875,4.541,4.184,4.723,4.50525,4.52975,4.63125,4.993250000000001,5.036333333333332,5.016,5.41075,5.373749999999999,5.1235,5.1685,4.6690000000000005,5.8260000000000005,4.520999999999999
FGF18,11,33067430,33097400,5.546714285714286,5.8835,4.52825,6.1915,5.9986,6.55775,5.932600000000001,6.4595,6.732749999999999,7.005000000000001,6.5722499999999995,6.2825,6.813750000000001,6.8565000000000005,7.045399999999999,5.544499999999999,7.239999999999999,7.14625,7.29675,7.055,6.59625,6.65975,6.994999999999999,6.9464999999999995,7.216499999999999,6.89325,6.63,6.061,6.6385,6.221500000000001,5.6795,5.7735,5.397749999999999,5.05575,5.319333333333334,5.02475,5.438,5.5585,5.549249999999999,5.492,4.86825,5.038250000000001,5.197
FGFR2,7,129764181,132725079,9.057571428571428,8.71425,8.5795,8.433,8.4204,8.482,8.27,8.24925,8.1225,8.32625,8.183499999999999,8.35075,8.262250000000002,8.10425,8.280800000000001,8.1675,8.21375,8.11425,7.60025,7.5045,7.6905,6.76475,7.936,7.8575,7.70225,7.827249999999999,7.6232500000000005,8.018333333333333,7.7645,8.06625,8.101,7.81425,8.16575,8.07775,8.314000000000002,8.333,8.1085,8.336500000000001,8.12825,8.287,8.34525,8.242,8.149250000000002
FOXD1,13,98490750,98495813,2.217285714285714,3.641,2.8905,2.814,3.6176000000000004,2.9635000000000002,3.1231999999999998,3.09275,2.0145,3.21625,3.936,2.8317499999999995,2.23625,2.3165,3.6526000000000005,3.2595,2.82325,2.581,3.38525,4.412,3.182,3.851,3.3225,2.9322500000000002,2.40775,2.44575,2.764,4.094666666666666,3.276,2.6342499999999998,2.741,2.947,2.6537499999999996,3.55175,2.7283333333333335,2.7397500000000004,3.1559999999999997,3.73375,3.31975,3.1559999999999997,2.75775,2.9072500000000003,3.2205
FOXF1,8,121811125,121814883,8.155857142857142,8.579249999999998,8.095749999999999,8.304,8.570400000000001,9.251750000000001,9.046,9.072750000000001,8.87025,9.69375,9.183,9.66275,9.590250000000001,9.3635,9.6502,9.407,9.7645,10.113,9.927999999999999,8.65,9.429499999999999,9.81025,10.074,9.6675,9.81725,9.602,9.966750000000001,10.136666666666665,9.225999999999999,9.663499999999999,10.057500000000001,9.84975,9.992750000000001,9.67325,9.326,9.791,9.915249999999999,9.734250000000001,9.61775,9.82975,9.562,9.92125,9.384
FOXF2,13,31809799,31815386,6.192142857142857,5.405,5.2015,5.977499999999999,6.0498,6.16425,6.191599999999999,6.9087499999999995,6.9805,7.5375000000000005,7.4495000000000005,7.5577499999999995,7.7075000000000005,7.37075,7.5902,7.5655,7.51025,8.063749999999999,8.0725,8.225999999999999,7.234999999999999,8.218499999999999,8.133000000000001,7.81375,7.8294999999999995,7.7225,7.7785,7.615666666666667,7.2215,7.0565,7.285,7.748,7.23875,6.992750000000001,6.816666666666666,7.270499999999999,6.929499999999999,6.68975,7.175750000000001,7.06475,6.538,6.917999999999999,6.696750000000001
FSP1 (S100a4),10,61551042,61575039,6.097142857142857,6.5265,7.040749999999999,6.2005,6.2974000000000006,6.1075,6.462999999999999,6.5275,6.35125,6.172499999999999,5.81775,6.60675,6.535,6.394500000000001,6.406200000000001,6.101,6.23275,5.967499999999999,6.4197500000000005,6.043,6.4275,6.17675,6.51275,6.342499999999999,6.8125,6.528499999999999,6.8942499999999995,7.199333333333333,6.309,6.724,6.786,6.87,6.9855,6.97325,7.043666666666667,7.157,7.327500000000001,7.033,7.00575,7.5280000000000005,6.707750000000001,7.77125,6.971
gapdh,6,125138678,125143430,12.866142857142858,11.802750000000001,12.8055,11.366,11.7132,11.6745,11.6128,11.355500000000001,11.2875,11.30375,11.011000000000001,11.001,11.262500000000001,11.429250000000001,10.936800000000002,10.9905,11.37175,10.74225,11.04225,10.295250000000001,11.042250000000001,10.85875,10.70525,10.64925,10.949250000000001,10.869250000000001,10.77625,11.025,10.93725,10.68575,10.45225,10.64675,10.6445,10.608,10.731666666666667,10.7245,10.65025,10.689,10.72925,10.688,10.68325,10.6445,10.68575
GATA-6,18,11052064,11085635,8.252857142857144,7.75375,7.4777499999999995,7.7204999999999995,7.847200000000001,7.9167499999999995,7.5244,7.6075,7.80325,7.559,7.8405000000000005,7.543,7.5595,7.7935,7.445399999999999,7.837,7.3214999999999995,7.1572499999999994,7.335,8.9145,6.7865,7.02075,6.84925,7.207,6.9094999999999995,6.937,7.04525,7.698,7.318499999999999,7.296,7.2955000000000005,7.43475,7.16,7.33925,7.576,7.412,7.21525,7.383749999999999,7.36625,7.19625,6.9665,7.13325,7.1572499999999994
GFPT1,6,87019828,87069179,8.277285714285714,7.88475,7.51575,7.516,7.768599999999999,7.9455,7.922200000000001,7.68975,8.06925,7.266,7.35775,7.733750000000001,7.5555,7.412250000000001,7.455600000000001,7.7855,8.151,7.87775,7.901,7.372,8.10875,6.7940000000000005,7.15475,7.5969999999999995,7.7085,7.4115,7.6674999999999995,7.759666666666667,7.20275,7.48075,7.6575,7.2305,7.42275,7.272,7.680666666666666,7.2865,7.61975,7.35575,7.4605,7.33025,7.43725,7.466749999999999,7.677
GUCY1A2  sGC(soluble guanylate cyclase) (PMID 23934926),9,3532778,3894736,5.780857142857143,4.44325,5.5955,5.208500000000001,5.0428,5.10575,3.8238,5.339,5.29825,5.5005,5.1175,5.7764999999999995,5.739249999999999,5.26675,5.6756,5.8135,5.19525,5.214,6.00075,5.978999999999999,5.08075,6.49825,5.247,5.9685,5.8942499999999995,5.9639999999999995,5.77175,5.361,6.254,6.34,6.132750000000001,5.878,6.37575,5.87625,5.527,6.06925,6.00775,6.07925,6.116750000000001,5.985,5.97075,5.82075,5.8462499999999995
GUSB,5,130017852,130031890,7.105000000000001,6.59575,6.23975,6.573,7.000400000000001,7.26525,6.5896,6.84325,6.78625,6.67525,6.8580000000000005,6.77,6.8355,6.896000000000001,6.57,7.15,6.670249999999999,6.4065,6.521750000000001,8.11475,6.75225,6.35525,6.703749999999999,6.5367500000000005,6.656000000000001,6.71375,6.936999999999999,7.022666666666666,6.713749999999999,6.6525,5.84925,6.709,6.6427499999999995,6.838,6.727,6.680249999999999,6.548,6.4197500000000005,6.5405,6.49925,6.6515,6.797,6.773000000000001
HIF1alpha,12,73948149,73994304,9.382714285714286,8.491500000000002,8.90075,8.352,8.738000000000001,8.7225,8.7884,8.873,8.62925,8.665750000000001,8.939,8.70975,8.795,8.651,8.6368,8.774999999999999,8.693249999999999,8.27225,8.518,7.8397499999999996,8.42225,8.34575,8.257,8.286000000000001,8.466750000000001,8.142000000000001,8.3925,7.625333333333335,8.523000000000001,8.211,8.1105,8.0455,8.1435,8.030000000000001,8.306666666666667,8.213750000000001,8.12075,8.337,8.088999999999999,8.194,8.29525,8.448500000000001,8.27175
Hist1h1b,13,21964053,21964795,11.034857142857144,7.38075,9.30475,6.547000000000001,7.6701999999999995,7.987749999999999,9.104,10.176,10.09825,10.427999999999999,10.305250000000001,10.058,10.20375,10.350249999999999,9.7386,9.9865,9.79725,9.448,9.5205,8.74175,9.26125,8.245750000000001,7.31025,7.78875,8.203,8.277000000000001,7.6915,7.653,8.123,7.180750000000001,6.609,6.8100000000000005,6.13325,6.4232499999999995,5.971,6.1450000000000005,7.3447499999999994,6.11925,6.71125,6.780749999999999,7.12175,6.8255,7.141249999999999
Hist1h2ab,13,23935109,23935581,11.509428571428572,6.8315,8.682,5.0809999999999995,7.1566,7.380249999999999,8.6934,9.73625,9.85675,9.973249999999998,10.03975,9.11125,9.764999999999999,9.941749999999999,9.366800000000001,10.491,9.331000000000001,7.60375,9.071,8.343,8.9705,8.56725,7.72425,7.6855,8.258750000000001,8.054,7.93225,8.193666666666667,8.259500000000001,7.56875,6.94825,7.008500000000001,6.4755,6.5425,6.409,6.252750000000001,7.394500000000001,5.74775,6.79825,6.87725,7.433,7.08425,7.5825
hmbs,9,44247636,44255525,7.256714285714286,6.51,6.4910000000000005,6.781499999999999,6.4626,6.72575,6.117,6.51275,6.6419999999999995,6.764,6.75225,6.1465,6.52025,6.79575,6.4452,6.6085,6.56575,6.35375,6.366,6.2867500000000005,6.245,5.931500000000001,5.965,6.173500000000001,6.1485,6.34225,6.17025,6.232333333333334,6.47125,6.3655,6.33425,6.47725,5.94325,6.13075,6.156666666666666,6.00125,5.27725,5.98475,6.057,6.019499999999999,5.862,6.121,5.781000000000001
HPGDS,6,65094277,65121892,4.611571428571429,4.61525,4.289,3.4539999999999997,4.744400000000001,4.734,4.2994,4.107,4.16425,3.8462499999999995,3.649,4.05225,3.68,4.469250000000001,4.3164,4.480499999999999,3.7825,4.013249999999999,3.6625,4.7379999999999995,3.706,4.780749999999999,4.496,4.0192499999999995,3.5547500000000003,3.38675,4.0569999999999995,3.5100000000000002,3.5505000000000004,3.72525,4.00225,4.26275,4.071249999999999,3.40625,3.0476666666666667,4.2225,3.4787500000000002,3.998,3.6135,3.8825000000000003,3.68975,3.9327499999999995,3.8459999999999996
hprt,X,52077014,52110536,6.167714285714285,6.0935,6.379,5.701499999999999,5.4386,5.475,5.5771999999999995,5.99975,5.8495,6.437,5.593,6.2025,5.84075,6.266500000000001,5.914599999999999,5.996,5.8805000000000005,6.19375,5.90775,6.36175,6.50575,6.225,5.91025,5.922499999999999,5.69575,5.7915,6.0305,6.580333333333333,5.842,5.83175,5.827500000000001,5.9955,5.7925,5.8415,5.976333333333333,5.95775,6.0455000000000005,6.4270000000000005,5.7867500000000005,6.01925,5.9535,6.02775,6.15425
IGF1,10,87694127,87772904,6.028,4.864999999999999,4.469250000000001,5.03,5.576599999999999,5.4815,5.260800000000001,5.68,5.79875,5.970000000000001,5.545,5.819,5.739,6.29575,6.1402,5.263999999999999,5.54525,5.2175,6.075,6.733750000000001,6.05675,5.36775,4.91725,5.23775,5.393,5.0985,4.92725,5.146333333333334,5.11025,4.676,5.385,5.005999999999999,4.4215,4.281,4.744,4.3405000000000005,4.64875,4.54775,4.63625,4.46125,4.801,4.4742500000000005,4.126250000000001
Igfbp3,11,7156086,7163923,6.535285714285715,8.73725,8.7925,8.2565,7.2096,7.289,7.285799999999999,6.646,5.9995,5.35175,6.03,6.102,5.55275,5.20875,5.521800000000001,5.022,6.096,5.84325,6.508,6.109500000000001,6.140750000000001,6.968,7.063000000000001,7.023499999999999,6.568,6.890750000000001,7.207,6.9559999999999995,6.797,7.7924999999999995,8.16475,7.67675,7.8214999999999995,7.932,8.149333333333333,7.99525,7.99725,8.0185,7.71225,7.774500000000001,7.7845,7.90775,7.3445
INMT,6,55147611,55152028,2.8065714285714285,9.69,8.59075,10.1945,8.339400000000001,6.119999999999999,4.426,5.2205,3.6052500000000003,4.79875,4.41375,4.8275,3.9902499999999996,4.236,5.099,5.2265,4.961,5.442,5.89225,6.38525,6.2545,8.75625,8.9305,9.43375,8.545,9.815999999999999,9.934249999999999,10.367333333333333,10.70575,11.252,11.4915,11.74525,11.868,11.99625,11.868,11.868,11.6745,11.868,11.617,11.868,11.617,11.742500000000001,11.429250000000001
integrin subunit alpha 8,2,12111443,12306733,7.571142857142857,8.11625,7.61475,7.982,7.4792000000000005,7.39275,7.553399999999999,7.91375,7.5642499999999995,7.529750000000001,8.016,8.3365,8.1165,7.87025,7.928,7.87,8.19775,7.9945,8.3235,8.292,8.03825,7.59975,8.526,8.709,8.593250000000001,8.53025,8.46625,9.01,8.693750000000001,8.952,8.87025,9.149999999999999,9.11575,8.884,9.093333333333334,9.1115,8.99475,8.848749999999999,9.003250000000001,9.05475,8.9285,8.99075,8.752
ipo8,6,148672181,148732965,7.562857142857141,6.6645,6.81175,6.974,6.8882,6.948499999999999,6.843999999999999,6.702500000000001,7.17125,7.137499999999999,6.92475,7.1282499999999995,6.947500000000001,6.805499999999999,6.8436,7.0969999999999995,6.9182500000000005,6.875,6.923,7.079000000000001,6.765,6.539,6.59,6.64475,6.7642500000000005,6.92825,6.6295,7.091666666666666,7.03425,6.866,6.609,7.2775,7.0715,7.31975,6.98,7.0145,6.9315,6.928749999999999,6.9095,6.9335,7.01375,7.0765,7.1129999999999995
ITgam (CD11b),7,127661812,127717663,3.6791428571428573,3.7525,3.22075,4.462,4.369999999999999,4.2299999999999995,4.0924,4.00525,4.08975,3.6345,4.154999999999999,4.3565,4.423,4.15625,4.3158,4.480499999999999,4.1025,4.011,4.037,4.5775,4.093,4.87175,4.51425,4.468,4.568,4.6505,4.3035,4.121666666666667,4.69675,4.3625,4.44175,4.1892499999999995,4.823,4.7,3.888333333333333,5.30625,4.2855,5.30275,4.8100000000000005,5.468999999999999,4.623,5.515,4.132
ITGax (CD11c),7,127728719,127749829,1.9124285714285716,3.5145,2.7070000000000003,2.8895,2.8892,3.01775,3.8868,4.22875,3.887,3.39175,3.1185,3.4050000000000002,3.9355,3.849,3.882,4.1625,3.2725,3.7062500000000003,3.701,5.02525,3.6942500000000003,4.03075,3.94925,4.02275,4.39525,4.0520000000000005,5.199999999999999,4.983333333333333,4.4165,4.6045,4.8715,4.47425,4.49375,4.341749999999999,4.858666666666667,5.07875,5.108750000000001,4.9775,5.035,5.10025,5.348999999999999,5.260999999999999,5.33375
kcne1L,X,141087748,141089290,5.046285714285714,4.05325,4.782,3.64,4.2478,3.6319999999999997,4.2484,3.7315,3.7357500000000003,4.2605,4.021,3.793,3.4095,3.9450000000000003,4.199,4.1625,3.2889999999999997,4.63875,3.8907499999999997,5.031000000000001,3.9400000000000004,4.359,4.00525,3.36475,2.747,3.474,3.8709999999999996,3.2726666666666664,3.4165,3.418,3.4747500000000002,2.843,2.8525,3.10975,3.404666666666667,2.6732500000000003,3.49725,4.271,2.96625,2.4125,3.0442500000000003,3.07525,2.6955
Kcnma1,14,23339499,24064559,4.348571428571428,3.8717499999999996,2.6862500000000002,3.6870000000000003,3.4486000000000003,3.7467500000000005,3.3928,4.89675,4.7085,4.6899999999999995,4.5577499999999995,4.82625,5.0465,3.7985000000000007,3.7718000000000003,3.8049999999999997,4.73575,4.60625,4.5255,4.37,3.4585000000000004,5.05775,3.997,3.325,3.4905,3.7920000000000003,4.62125,3.845333333333333,3.46525,3.1052500000000003,3.613,2.7555000000000005,3.1205,3.1734999999999998,2.739333333333333,3.16875,3.8892500000000005,3.1745,3.0965,3.3552500000000003,2.03025,2.739,3.2505
KLra4,NA,NA,NA,1.7904285714285713,2.744,2.54575,2.6115,2.0886000000000005,2.4907500000000002,3.2472000000000003,2.3665,1.778,2.4974999999999996,3.00425,1.9755000000000003,2.085,3.291,3.1284,3.2595,2.08975,2.7617499999999997,2.253,3.29275,3.3045,4.242,2.71375,2.42125,1.99025,3.0225,2.0397499999999997,2.6846666666666668,2.4475000000000002,2.18325,3.274,2.55175,2.529,2.764,1.9406666666666668,2.6085000000000003,2.69125,3.13075,2.0645,2.592,2.3735,2.5995,2.562
KRT18,15,101936615,101940462,8.379,8.6385,8.848749999999999,8.105,7.704599999999999,7.5592500000000005,7.8355999999999995,7.23475,7.16925,6.857749999999999,6.847250000000001,6.8740000000000006,7.1739999999999995,6.9072499999999994,6.9824,5.4879999999999995,6.9392499999999995,7.015500000000001,6.38475,6.447,6.152,5.92775,6.69725,6.6225000000000005,6.381500000000001,6.40975,5.929500000000001,6.724333333333334,6.6290000000000004,6.4392499999999995,6.7355,6.522500000000001,6.620500000000001,7.12975,7.020666666666666,6.635999999999999,7.07975,7.033250000000001,7.0655,6.8542499999999995,7.1972499999999995,6.8222499999999995,7.0035
KRT5,15,101615505,101621333,4.935857142857143,2.9987500000000002,4.0235,2.24,2.5614,2.3685,2.6607999999999996,2.82475,2.27225,2.4802500000000003,3.261,2.7407500000000002,2.4345,2.436,2.7046,3.2595,2.3345000000000002,2.87075,2.8385000000000002,3.52,3.8295000000000003,3.3762499999999998,2.83475,2.42125,2.3365,2.7385,2.40875,2.5403333333333333,2.64075,2.0215,3.0935,2.65675,2.6685,2.61275,3.2336666666666667,2.464,3.026,2.16675,2.8884999999999996,2.4909999999999997,2.606,2.32725,2.236
LFNG (Lunatic Fringe) (PMID 19897741),5,140593075,140601300,6.673000000000001,6.6315,6.704750000000001,6.683999999999999,6.558199999999999,6.882,6.6708,6.476,6.8095,7.22725,6.74975,6.81625,6.86525,7.109500000000001,7.401000000000001,6.679,6.90925,7.4705,6.91275,7.49775,6.039000000000001,6.7145,6.991750000000001,6.67475,6.894499999999999,7.362,6.7855,6.878333333333333,7.1579999999999995,7.32575,7.3345,7.83275,7.42025,7.664499999999999,7.589666666666666,7.69625,8.091999999999999,7.3015,7.75675,7.664249999999999,7.3535,7.6610000000000005,7.34025
LOX,18,52649139,52662939,10.572285714285714,10.64675,10.942,10.494,10.076600000000001,9.480500000000001,9.964,9.055,9.067,8.803749999999999,8.895,8.79475,8.719,8.63,8.6714,8.494,8.716750000000001,8.111500000000001,8.838000000000001,8.274249999999999,9.1895,8.22575,9.181249999999999,8.997250000000001,8.995,9.0505,8.749500000000001,8.825333333333333,9.31375,9.01025,9.0965,8.687249999999999,8.810500000000001,8.81775,8.745333333333333,8.35375,8.90025,8.4235,8.2725,7.93225,8.6815,7.563000000000001,8.641
LRAT,3,82799886,82811280,3.4741428571428576,4.83775,4.42975,4.0825,3.5366,3.6494999999999997,3.0347999999999997,4.334,3.5592500000000005,3.6877500000000003,4.267250000000001,4.00125,2.8609999999999998,3.747,4.012600000000001,4.0009999999999994,3.1155,4.18625,3.5020000000000002,6.067,4.897,5.93525,4.521000000000001,4.70375,4.396,4.27725,4.553999999999999,5.550666666666667,4.52825,5.55325,5.9552499999999995,6.015,5.70575,6.31825,5.346666666666667,6.3157499999999995,5.57325,8.106,6.647500000000001,7.28625,5.9575,6.303750000000001,6.0125
Lrp2,2,69254684,69416409,3.842142857142857,5.9485,6.0295000000000005,5.198,6.0996,6.114,6.3652,5.69725,5.90925,4.6522499999999996,6.077,6.04175,6.066999999999999,5.93325,6.054,6.177,6.139,6.2562500000000005,6.013999999999999,7.94925,6.33875,6.08975,6.4875,6.2695,6.235,6.1587499999999995,6.367,7.187333333333332,5.84225,6.52425,6.755249999999999,6.466,6.858750000000001,6.707999999999999,7.283,6.9079999999999995,6.88625,7.356250000000001,7.165,7.2837499999999995,7.7995,7.224499999999999,7.1515
MCPt4,14,56297086,56299770,3.236714285714285,3.1675000000000004,2.7485,3.426,2.565,2.94325,3.21,3.1515,3.6730000000000005,3.26175,3.4645,3.2305,3.76775,2.813,2.9090000000000003,4.4075,3.5032500000000004,3.2375000000000003,2.98025,3.96825,3.182,3.9080000000000004,3.19625,2.63575,2.03875,3.33725,2.7965,2.5933333333333333,2.7205000000000004,2.4219999999999997,2.75375,2.2885,2.37875,2.8832500000000003,2.6803333333333335,2.28925,2.6814999999999998,2.51575,1.8085,2.099,2.6625,2.3615,2.3120000000000003
MGAT4A,1,37478421,37580097,5.063,4.9705,4.982,4.6925,4.6922,4.534000000000001,4.429,4.43925,3.9232500000000003,4.180249999999999,5.271750000000001,3.8192500000000003,4.3065,4.3085,4.4322,5.085000000000001,4.088,4.288500000000001,3.99,5.8485,4.312250000000001,4.986,4.1667499999999995,4.053750000000001,4.38725,4.588,3.8640000000000003,4.015333333333333,4.65975,4.199999999999999,4.26975,4.5245,4.50425,5.28975,4.742999999999999,4.49125,5.0325,4.881,4.89,4.437,4.70125,4.49175,4.6259999999999994
MMP-3,9,7445822,7455975,3.392857142857143,3.7147499999999996,4.6152500000000005,3.902,3.3462000000000005,3.17425,2.8766000000000007,3.0515,3.058,3.24975,3.0002500000000003,3.05675,2.43675,3.7437500000000004,3.3586,3.8049999999999997,3.3532499999999996,4.7485,2.9195,3.711,3.40475,3.9939999999999998,4.10325,3.3715,4.0725,3.8672500000000003,4.31425,5.656,4.40825,4.38225,4.82675,4.5809999999999995,4.5440000000000005,4.78075,4.618333333333333,4.4725,4.06725,4.29075,5.411,4.298500000000001,5.263,4.62425,5.18
MMP7,9,7692091,7699587,1.8615714285714287,2.8815,2.77325,2.6189999999999998,2.1418,1.9865,2.9192,2.47125,2.20775,2.239,2.9362500000000002,2.9185,2.17475,2.52,2.586,3.2595,2.7632499999999998,2.39675,2.1877500000000003,3.545,2.76125,3.51,3.2325,2.4755,2.483,2.6815,2.49125,2.664,2.26,2.62175,2.6689999999999996,2.26875,2.18425,2.38375,2.421666666666667,2.4085,2.4334999999999996,3.1580000000000004,2.4427499999999998,2.246,2.455,3.0867500000000003,2.3295
MUC5Ab,7,141392807,141426821,3.918428571428571,5.04425,5.65975,3.99,5.0914,3.859,7.0194,3.6014999999999997,6.154000000000001,4.82475,3.1895000000000002,3.7275,3.8395,3.6742500000000002,3.2376000000000005,4.304,5.4407499999999995,4.8454999999999995,3.7969999999999997,4.1095,5.5809999999999995,3.9627499999999998,3.0915,3.0427500000000003,3.2082500000000005,3.08575,3.31025,3.894666666666667,3.78425,3.5075000000000003,3.338,3.933,3.54625,4.59275,5.658666666666666,3.73425,4.2125,3.65725,3.951,3.8445,3.7672499999999998,3.8439999999999994,4.29575
MUC5Ac,7,141342709,141372968,4.002,3.58725,3.3455000000000004,3.37,3.2294000000000005,2.7125000000000004,2.6814,2.4485,3.8155,2.3645,2.3912500000000003,2.65675,2.38125,3.3694999999999995,2.589,3.2595,3.355,2.77925,2.5090000000000003,3.56575,3.83075,3.9145000000000003,3.4734999999999996,2.8835,2.6605,3.47175,2.7635,3.4600000000000004,3.725,2.60725,2.65325,3.0415,2.81525,3.29775,3.1796666666666664,3.30175,2.61925,2.71425,2.7857499999999997,2.8385,3.12575,2.9970000000000003,3.0775
N-Cadherin(CDH2),18,16721934,16942303,7.926428571428572,6.57325,6.11175,6.646,6.5348,6.8665,6.8873999999999995,7.3885,7.215,7.114,7.4515,7.56725,7.1565,7.532,7.1858,7.5875,7.479,7.393,7.3260000000000005,7.50375,6.9315,6.9445,7.09075,7.13275,7.2415,6.7855,6.925000000000001,6.856999999999999,7.084,7.0455,6.9455,6.141500000000001,6.922499999999999,6.77425,6.571666666666666,6.70275,6.60375,6.3955,6.03625,6.2677499999999995,6.04,6.3205,6.1594999999999995
NDST1,18,60817566,60881722,8.026,9.54775,8.77075,9.999,9.630799999999999,9.68375,9.5012,9.2585,9.2875,9.14425,9.10525,9.234499999999999,9.04625,9.339,9.218599999999999,9.105,9.1645,9.401250000000001,9.17325,9.74125,9.249,9.110000000000001,9.40225,9.56375,9.084,9.379249999999999,9.45975,9.152999999999999,9.529499999999999,9.533000000000001,9.591999999999999,9.150749999999999,9.24875,9.3765,9.293666666666667,9.15325,9.338,9.5045,9.346,9.45825,9.24225,9.452499999999999,8.96725
NFATC3,8,106785472,106857169,6.476857142857142,6.751,6.422499999999999,6.9115,6.5628,6.7749999999999995,6.8364,6.264,6.2155,6.699,6.331,6.507,6.454750000000001,6.61825,5.909599999999999,6.9544999999999995,6.22175,5.838000000000001,6.066,6.15125,5.702,6.10925,5.3995,6.37125,6.33275,6.25075,6.3302499999999995,5.440666666666666,6.525250000000001,6.47825,6.377,6.26975,6.6295,6.4355,6.178666666666667,6.567,6.352,6.593999999999999,6.42675,6.543,6.5175,6.367750000000001,6.2155000000000005
NME3,17,25115474,25116496,6.972857142857142,6.44075,6.1445,6.497,6.4338,6.268000000000001,6.6354,6.0775,6.68275,6.46,6.48275,6.782,6.2145,6.525,6.617400000000001,7.214,6.7627500000000005,6.923500000000001,7.0715,6.4425,6.727499999999999,6.26125,7.03925,6.8115000000000006,6.68075,6.90025,6.9475,6.866666666666667,6.7867500000000005,6.810499999999999,6.717,7.0512500000000005,7.039,7.11325,6.866333333333333,6.8637500000000005,7.13175,6.5965,7.0032499999999995,6.8465,6.708500000000001,6.898249999999999,6.74025
NME7,1,164131690,164265294,7.291142857142858,5.54725,5.802250000000001,5.852499999999999,6.1128,5.6415,5.966399999999999,5.2535,5.675750000000001,5.445,5.596,5.05125,5.5962499999999995,5.4872499999999995,4.5564,6.3775,5.50575,5.29975,5.27575,7.0432500000000005,5.3549999999999995,5.92025,4.4342500000000005,5.367,5.510999999999999,5.4495,4.3105,5.7203333333333335,5.38425,5.103,5.25875,5.51875,5.654,5.235,5.708666666666667,5.6235,5.12475,4.586,5.4135,5.521,5.703,5.55125,5.8905
Nol3,8,106002772,106008571,2.8969999999999994,2.697,3.59325,2.721,3.0016,2.5045,3.9402,3.101,2.47725,2.8152500000000003,3.377,2.92975,3.2075000000000005,3.5462500000000006,3.8689999999999998,4.5335,2.7122499999999996,4.27225,3.5232500000000004,4.744,2.76125,4.1705,4.182,4.46375,3.8455,4.10125,3.50075,3.8273333333333333,3.25875,4.17075,3.487,4.62275,4.30725,4.459,3.8976666666666673,4.4887500000000005,4.28125,3.8629999999999995,4.443,4.42325,3.8644999999999996,4.3515,4.1075
P4HA3,7,99934727,99968906,5.2087142857142865,5.101,3.3235,5.2775,4.8594,5.339,5.1604,6.25725,5.610250000000001,6.338,6.1325,6.4985,5.944750000000001,5.9395,6.3834,5.263999999999999,6.711,6.9855,7.061249999999999,7.40325,7.156000000000001,5.698,6.7535,5.981249999999999,6.10975,6.102250000000001,5.6965,5.484999999999999,5.5015,4.7295,3.756,4.42825,3.7557499999999995,3.7835,2.924666666666667,3.58925,2.3655,3.80875,3.81575,3.02075,3.6967499999999998,3.652,3.621
P-63,16,25502513,25710852,10.318857142857143,10.02525,9.85225,9.9865,10.060199999999998,9.82,10.0912,9.75625,9.45825,9.29525,9.6145,9.315999999999999,9.289499999999999,9.268749999999999,9.003599999999999,8.8335,9.1915,8.689,8.815999999999999,8.402249999999999,8.78975,9.04325,8.58025,8.81925,8.914,8.965499999999999,8.674,8.413,9.087250000000001,8.802000000000001,8.64625,8.77125,8.8025,8.908999999999999,8.860333333333335,8.744,9.02575,8.75825,8.97,8.89525,8.8785,9.0945,8.69875
PCYOX1,6,86362988,86374136,6.053857142857143,5.669499999999999,5.3027500000000005,5.561999999999999,5.068,5.96675,5.7444,5.8285,5.69475,5.727,6.2124999999999995,5.3085,6.054749999999999,6.016249999999999,5.110600000000001,5.304,5.461,5.095750000000001,5.8020000000000005,5.99625,4.5085,5.051,5.34825,5.974,5.7985,5.76375,5.55975,5.135666666666666,5.89,5.621,6.0945,5.6000000000000005,5.99975,5.66925,5.920333333333333,6.19925,5.3145,5.52175,5.82825,5.878,6.068,5.8675,6.22725
PDGFRA (platelet-derived growth factor receptor alpha) (PMID 23748534) (Most important),NA,NA,NA,8.581142857142858,7.205,7.46275,7.2330000000000005,6.912000000000001,6.906000000000001,7.06,7.5497499999999995,7.50525,8.10225,7.583,7.670999999999999,7.906,7.9677500000000006,7.700200000000001,8.812000000000001,7.9905,8.3605,8.09375,8.337250000000001,8.3925,8.41575,8.833,8.7955,8.475999999999999,8.5425,8.78275,8.796999999999999,8.59525,9.061499999999999,9.07975,9.266,9.155249999999999,9.139,9.118333333333332,9.23125,8.90225,9.040750000000001,9.047,8.77,8.98475,8.744,9.1305
PDGFRb,18,61178222,61218133,6.606000000000001,6.7395,6.76625,6.2095,6.768600000000001,6.9725,7.075,7.17525,7.4014999999999995,7.818,7.4655,7.9215,7.7085,7.552,8.22,8.526,7.532,8.376000000000001,8.362499999999999,7.37575,8.523,8.66425,8.956499999999998,8.694500000000001,7.90125,8.38475,8.2705,8.644,7.6895,7.8495,8.1845,8.29525,7.7705,7.67375,7.682666666666666,7.81975,7.6095,7.836499999999999,7.484249999999999,7.564,7.3660000000000005,7.31325,7.466
PDPn(Podoplanin),4,142994001,143026134,7.865571428571428,8.181000000000001,7.57775,8.449,8.6182,8.433,8.1938,8.471,8.52825,8.639,8.793,8.5875,8.53025,8.6895,8.4688,9.369,8.47225,8.7065,8.87575,7.87025,8.473,8.31,9.17725,8.8445,9.003250000000001,8.98525,9.104000000000001,9.370333333333333,9.031,9.535250000000001,9.693499999999998,8.9535,9.1735,9.425999999999998,9.565,9.671000000000001,9.44375,9.5695,9.68725,9.520999999999999,9.315999999999999,9.2765,9.6605
pgk1,X,105230706,105247305,7.985571428571427,6.792,6.891000000000001,6.536,6.404400000000001,6.48475,6.9384,6.577999999999999,6.8420000000000005,6.71,6.9375,6.7235000000000005,6.93325,7.015750000000001,6.9378,5.544499999999999,6.706250000000001,6.2955,6.5095,6.342,6.6290000000000004,6.348000000000001,6.3385,6.807250000000001,6.48775,6.530749999999999,6.7097500000000005,6.853333333333334,6.16725,6.26525,6.37725,6.36,6.398,6.356250000000001,6.438666666666666,6.44825,6.53875,6.598000000000001,6.508,6.357749999999999,6.52675,6.436,6.5085
PHGDH,3,98220486,98247306,6.738571428571428,4.5577499999999995,6.632250000000001,6.891,6.1042000000000005,5.45125,5.6738,5.3942499999999995,5.6754999999999995,5.69425,5.937250000000001,5.3595,5.6385000000000005,5.79775,5.6594,5.830500000000001,5.730499999999999,4.7322500000000005,5.1739999999999995,5.71875,4.44225,5.0685,5.67175,5.756749999999999,5.51375,5.4415,5.696,5.1306666666666665,5.558249999999999,5.523499999999999,5.6475,6.095000000000001,5.657500000000001,5.28725,5.605333333333333,5.381,5.893,5.977,5.72425,5.811,6.04375,5.975250000000001,5.848999999999999
polr2a,11,69624823,69649463,9.165571428571427,9.13475,9.09675,9.5435,9.360800000000001,9.06225,9.2066,8.9175,8.81625,8.65475,9.047,8.870249999999999,8.633750000000001,8.766,8.4892,8.6735,8.724,8.225999999999999,8.27675,7.81125,8.3255,9.01675,8.401250000000001,8.54875,8.44825,8.55475,8.28125,8.120666666666667,8.582749999999999,8.45775,8.367750000000001,8.555250000000001,8.564,8.59925,8.225333333333333,8.35325,8.4885,8.51025,8.34975,8.53175,8.5115,8.70075,8.286
ppia,11,6365443,6369817,11.724571428571428,11.142750000000001,11.068999999999999,10.8045,11.3162,11.4915,11.471,11.617,11.1265,11.069,11.162,11.00525,11.0585,11.01725,10.8728,11.23,10.9785,10.776250000000001,10.608,9.408000000000001,10.683250000000001,10.784,10.61275,10.5305,10.609,10.654,10.463750000000001,10.527666666666667,10.942,10.45975,10.35425,10.413499999999999,10.45375,10.304,10.329,10.49025,10.5865,10.31175,10.283000000000001,10.34825,10.494,10.49625,10.4575
PRDX3,19,60852489,60862994,8.540285714285714,8.009,7.9125000000000005,7.899,8.189200000000001,8.0055,8.0618,7.70575,7.6905,7.69825,8.08325,7.67425,7.768,7.661499999999999,7.367,7.792,7.60025,6.673,7.343250000000001,7.73,7.4895,7.584999999999999,6.78575,7.4197500000000005,7.2372499999999995,7.41975,7.304,7.3406666666666665,7.6655,7.35225,7.43725,7.1945,7.45325,7.56725,7.594,7.30725,7.49275,7.3955,7.64325,7.46,7.66925,7.379499999999999,7.591749999999999
PRIM2,1,33492891,33708876,7.598285714285716,5.82675,5.69125,5.6945,5.8786,5.6725,6.400800000000001,6.72175,6.3,6.263250000000001,6.43675,6.16275,6.3025,6.187250000000001,5.9536,6.345000000000001,6.08425,6.035,5.9967500000000005,6.0965,5.721,5.3260000000000005,5.6145000000000005,5.998749999999999,5.7305,5.35275,6.0575,5.7459999999999996,5.795,5.61975,5.60975,5.5405,5.6515,5.90825,5.977666666666667,6.036250000000001,5.8965,5.3975,6.0969999999999995,5.89525,6.07275,5.94125,6.28825
PRSS35,9,86625702,86640496,6.503142857142857,5.2475,5.92375,5.9925,7.039,7.55025,7.4408,8.3825,8.338000000000001,8.7725,8.74675,8.658000000000001,8.562000000000001,8.76125,8.7364,8.794,8.613,8.46275,8.51825,8.755749999999999,8.345500000000001,7.2285,7.8405,7.76,7.478999999999999,6.99525,6.9265,6.052333333333333,7.0145,5.096,4.84625,4.29025,3.4645,4.33575,3.4446666666666665,3.35125,4.19625,3.47525,3.81975,3.9945000000000004,3.60125,3.9130000000000003,3.19925
PTGS2,1,149975782,149983978,3.029285714285714,6.1987499999999995,4.3317499999999995,4.6240000000000006,3.9294,4.555,3.9822,3.94925,3.9570000000000003,2.7035,4.01075,3.59575,4.593,3.4685000000000006,3.3897999999999997,3.8049999999999997,4.393,3.8607500000000003,3.62,4.045249999999999,4.3075,4.546,4.31125,3.78425,4.6585,3.77425,4.3675,4.377666666666666,3.5732500000000003,4.783,3.89225,3.87725,5.23125,4.899,5.296666666666666,4.71925,4.2175,5.13125,4.77575,4.85525,5.254250000000001,5.28,5.03475
RAGE,17,34816836,34819910,4.922142857142857,5.762,6.0735,5.765,5.7526,5.2044999999999995,5.3942,4.4715,5.162750000000001,4.798,4.10975,5.2555,4.5882499999999995,4.6522499999999996,4.593,5.6325,4.87275,4.5585,4.41525,4.90325,4.1215,5.415000000000001,3.70775,3.981,4.05225,3.82725,4.5005,4.695,4.78525,4.482,4.114,3.9162500000000007,4.0969999999999995,4.458,5.1113333333333335,4.095750000000001,4.173,3.7325,4.4695,4.150500000000001,4.38775,3.9907500000000002,4.81275
RARA RARBRARG  Retinoic acid receptors alpha beta gamma,11,98818644,98865768,5.438571428571429,4.224,4.69075,5.373,4.3968,5.258,4.593999999999999,5.60425,5.8565,5.462999999999999,4.59075,5.788,5.97275,5.389749999999999,5.507,5.8135,5.37225,5.9215,5.733750000000001,6.44975,5.98275,5.16175,5.548,5.70575,6.27425,5.61175,5.809,5.458333333333333,5.032,6.10675,6.1375,5.2787500000000005,6.054,5.372249999999999,6.438333333333333,6.3365,6.31875,5.51475,6.20975,6.25225,5.78525,6.16775,6.0505
Robo1,16,72105194,72842983,7.813428571428572,6.88525,6.44125,6.656,6.530800000000001,6.656499999999999,6.5202,7.0447500000000005,6.883000000000001,7.5545,7.60075,6.854749999999999,7.16925,7.057,6.997800000000001,7.22,7.035500000000001,6.279999999999999,6.7642500000000005,6.7764999999999995,6.606249999999999,6.9985,6.472499999999999,6.476000000000001,6.4245,6.329000000000001,6.5767500000000005,5.546333333333333,6.72525,6.097999999999999,5.6827499999999995,6.146749999999999,6.250249999999999,5.683,6.32,6.14775,5.75625,5.60475,5.83625,5.78525,5.94425,5.87775,6.1842500000000005
rplp2,7,141027283,141031498,10.421428571428573,9.1075,9.765,9.1645,9.310799999999999,9.129,9.165199999999999,9.1875,9.559750000000001,9.402000000000001,9.23675,9.35125,9.305250000000001,9.34825,9.274799999999999,9.459499999999998,9.11575,9.168,9.182,8.264,9.201,9.708250000000001,9.10325,9.20875,8.873000000000001,8.78,8.54225,8.907333333333332,9.17925,8.56075,8.407250000000001,8.79325,8.69025,8.88975,8.751666666666667,8.95925,9.327250000000001,8.69875,9.11975,9.0535,8.92525,9.09,9.26675
Serpina3,12,104372988,104380588,2.516285714285714,4.288250000000001,4.70875,4.8025,3.5792,3.7017499999999997,3.9410000000000003,3.83775,3.8505000000000003,3.7872500000000002,4.0722499999999995,4.4102500000000004,3.8160000000000003,3.81675,4.2554,4.0009999999999994,3.87075,4.62375,4.77075,5.0755,4.96325,5.062749999999999,4.8995,5.236,4.63225,5.04775,5.29025,4.554666666666667,4.9247499999999995,5.343999999999999,5.72525,5.42375,5.3214999999999995,5.091,4.765666666666667,5.494,5.30375,5.402500000000001,4.9275,5.21675,4.931,4.873749999999999,4.577249999999999
SFTP-C,14,70758389,70761521,13.593857142857145,14.956,14.956,14.956,14.956,14.73675,14.605200000000002,14.73675,14.73675,14.956,14.73675,14.517500000000002,14.956,14.956,14.956,14.956,14.956,14.956,14.956,12.441749999999999,14.956,14.956,14.956,14.956,14.956,14.956,14.956,14.955999999999998,14.956,14.956,14.956,14.956,14.956,14.956,14.955999999999998,14.956,14.956,14.956,14.956,14.956,14.956,14.956,14.956
SFTP-D,14,40894171,40907106,4.215714285714286,10.92675,9.9815,11.094,11.107000000000001,10.759749999999999,10.850800000000001,10.08175,10.052,9.3275,9.40075,9.76475,9.62875,9.61475,9.9678,9.49,9.73575,10.09825,10.0045,8.832999999999998,10.376999999999999,10.08225,10.04775,10.129249999999999,10.219999999999999,10.025500000000001,10.20375,10.173,9.8825,10.392999999999999,10.460749999999999,9.79625,10.53125,10.688,10.885,10.5375,10.609,10.64925,10.53225,10.61275,10.93875,10.77875,10.68325
Shisa3,5,67765225,67780895,4.207857142857143,4.848,5.51125,4.945,5.366999999999999,5.135,5.819000000000001,6.3105,5.993,6.37375,6.37275,6.6072500000000005,6.1392500000000005,5.8875,6.548599999999999,5.181,6.192,5.543,5.39575,5.90025,5.5465,5.9085,4.83075,4.56825,4.27175,4.3934999999999995,3.96375,4.4319999999999995,4.5947499999999994,4.365,3.617,4.19925,4.10925,3.6027500000000003,3.689333333333334,3.0045,3.3985000000000003,4.38,3.6375,3.713,4.047,3.62425,2.5255
SMAD3,9,63554049,63665276,6.711428571428571,7.21375,6.995500000000001,7.6925,7.1634,7.1362499999999995,7.0542,7.298000000000001,7.12125,7.428000000000001,7.144749999999999,7.221,6.941750000000001,7.1265,7.067400000000001,6.885,7.18075,7.85675,6.9822500000000005,7.1565,6.712999999999999,6.198,7.317749999999999,7.19625,7.0200000000000005,6.904,7.22975,5.786333333333334,6.895,6.92825,6.7242500000000005,6.91625,6.882,6.79625,6.331666666666667,6.546250000000001,6.724,6.7195,6.6275,6.550999999999999,6.58,6.4625,6.158
SNAI1,2,167380115,167384734,4.806571428571429,3.4299999999999997,3.4775,1.9969999999999999,2.8596,3.2605000000000004,3.1717999999999997,4.3505,3.754,3.181,3.4145000000000003,3.75075,4.087,3.492,3.4510000000000005,4.304,3.4212499999999997,3.957,4.20775,3.99475,3.9280000000000004,4.713,4.7669999999999995,4.4315,4.462,4.442,3.942,4.738333333333333,3.347,4.090249999999999,4.255,4.8892500000000005,3.707,3.9575000000000005,4.823666666666667,4.82775,4.066,3.2815,4.47475,4.5055,3.6172500000000003,3.5515000000000003,4.425000000000001
Sox9,11,112673050,112678586,7.067142857142858,4.41675,4.482,4.999499999999999,4.4306,4.13875,4.880800000000001,4.061,4.332000000000001,4.17,4.7865,4.236,3.803,4.50675,3.8078000000000003,4.1625,4.26225,3.50775,4.37575,4.47175,5.12375,4.59925,3.45575,3.69525,3.8462500000000004,3.96725,3.40075,4.433666666666666,3.61625,2.81425,4.352250000000001,3.583,3.9639999999999995,3.7595000000000005,3.544333333333333,3.00725,4.29525,3.15625,2.8885,3.383,3.1185,2.82975,2.8405
Src,2,157260364,157313782,7.184285714285714,6.131,6.2355,6.631,5.9456,6.5817499999999995,6.4328,5.7875,6.93325,6.445500000000001,6.634499999999999,6.63775,6.78625,6.70825,7.110200000000001,7.625,6.6475,6.841,6.887499999999999,6.630249999999999,6.344750000000001,7.31075,6.19725,7.008750000000001,6.911,6.975,6.46025,6.837,6.83075,6.93025,7.1485,7.2017500000000005,7.14975,6.91775,6.853333333333334,6.970000000000001,7.015,6.794,7.02525,6.7935,6.82575,6.49575,7.0607500000000005
tbp,17,15720150,15748641,6.155428571428572,4.82225,5.3275,5.3774999999999995,5.684399999999999,5.20825,5.9256,5.633249999999999,5.6075,5.759,6.0545,4.9670000000000005,5.5752500000000005,5.892,5.772799999999999,6.4715,5.03125,4.98975,5.514,5.73075,5.908,4.91975,6.351249999999999,6.03975,5.71425,6.049,6.18075,6.136,6.04425,6.20025,6.2905,6.154,6.2255,6.2902499999999995,5.7973333333333334,6.1857500000000005,5.9262500000000005,6.4215,6.0024999999999995,6.21775,6.4662500000000005,6.23225,6.0825000000000005
TBX4,11,85777248,85806923,6.318142857142858,6.25625,6.03725,6.653500000000001,5.727600000000001,6.03825,6.1846000000000005,6.61625,6.978750000000001,7.7410000000000005,6.8389999999999995,7.15325,7.16375,7.4235,7.4634,5.656,6.9967500000000005,7.03175,7.2165,7.06775,6.7005,6.87925,7.6,7.54275,7.24725,7.4425,7.34775,6.185333333333333,7.186999999999999,6.862,6.7585,7.32175,7.016499999999999,6.8999999999999995,6.602,6.935999999999999,6.644,6.75225,6.79275,6.698,6.59975,6.5125,6.5337499999999995
TCF12,9,71749970,72019153,9.196714285714284,8.467749999999999,7.98925,8.463000000000001,8.549600000000002,8.578750000000001,8.612,8.621500000000001,8.644,8.623,8.462250000000001,8.6385,8.725999999999999,8.655000000000001,8.325999999999999,8.319,8.757000000000001,8.4815,8.42875,8.55375,8.176750000000002,7.955,8.59225,8.428,8.24075,8.188,8.27025,7.608999999999999,8.28775,8.074000000000002,7.7325,7.9245,8.059000000000001,7.99225,7.852333333333333,7.9455,7.7829999999999995,7.904999999999999,8.02725,7.900500000000001,7.928,7.997,7.83525
tfrc,16,32427738,32451612,9.23842857142857,7.1775,6.571249999999999,6.83,7.9562,7.5245,7.4596,7.4285,7.37975,7.29875,7.24725,7.274,7.84,7.78775,7.356199999999999,7.15,7.44375,7.1405,7.5125,7.0205,7.83625,6.8965,6.808000000000001,7.03475,7.715,7.3934999999999995,7.17825,7.34,7.353,7.897500000000001,7.581249999999999,7.757499999999999,7.86575,7.49325,7.852666666666667,7.8675,7.652,7.765000000000001,7.991250000000001,7.7322500000000005,7.74475,7.771750000000001,8.1225
TGFB1,7,25386427,25404502,6.473,7.62575,6.801499999999999,7.996,7.7909999999999995,7.802250000000001,7.8986,7.9165,7.6739999999999995,7.826,7.972,8.01825,7.817,7.7335,7.911,7.683,7.68275,8.0015,7.72275,7.354,8.20125,8.055,8.0765,8.219999999999999,7.947,7.784,7.657,8.036666666666667,7.747750000000001,8.05025,8.08125,8.08675,7.97875,8.101,7.677,7.86425,7.87725,7.645499999999999,7.92375,8.02675,7.72525,8.05475,7.6695
THTPA,14,55332241,55336443,6.140142857142857,5.05675,5.71725,6.2075,5.6514,6.304250000000001,5.9826,6.14175,5.8717500000000005,6.16225,5.60725,5.93075,5.487,5.816,6.1368,5.996,5.8845,5.31275,5.85425,6.96125,6.0584999999999996,5.78925,4.812749999999999,5.932500000000001,5.9695,6.1065000000000005,5.88375,5.153333333333333,6.055,6.0495,5.46525,6.16075,5.88225,5.9315,5.885000000000001,6.00625,6.0295,6.08475,5.8774999999999995,5.92075,5.8345,5.7575,5.8125
Thy1,9,43954681,43959876,5.8745714285714286,3.064,4.86675,4.093500000000001,3.4848,3.66925,3.6677999999999997,3.2125000000000004,3.9907500000000002,3.72325,3.184,4.133,4.62525,3.68675,3.5340000000000003,3.8049999999999997,3.5755,3.4215,3.4795,3.545,2.76125,5.078250000000001,4.7642500000000005,4.764,3.9737500000000003,4.57575,4.12725,4.1499999999999995,4.134250000000001,4.6065,4.1935,4.958,5.0405,4.372999999999999,4.539,5.40175,5.29725,4.514,4.8715,5.0947499999999994,5.33125,5.23225,5.0115
Tnc,4,63878022,63965252,9.668428571428572,8.759,8.028500000000001,8.981,9.511,10.06175,10.187000000000001,10.806750000000001,10.6645,10.97875,11.14675,11.051250000000001,11.09525,10.55925,10.8738,11.868,11.172,11.388,11.12975,11.09825,10.8935,10.76425,10.74775,10.64425,10.3095,10.129,9.663,8.667000000000002,9.675249999999998,8.31525,7.966,7.8125,7.25075,6.832,7.203,7.38525,7.417999999999999,7.100750000000001,6.56175,6.6425,7.08925,7.0325,7.38025
TST,15,78283756,78290107,8.725,8.567499999999999,8.639,8.583,8.913,8.62775,8.1458,7.699250000000001,7.86125,7.660749999999999,7.747249999999999,7.666,7.65475,7.1955,7.7276,7.343999999999999,7.944750000000001,7.44725,7.399249999999999,6.90425,7.6835,7.1842500000000005,7.31275,7.4815,7.31525,7.3705,7.2395000000000005,7.5040000000000004,7.652,7.428249999999999,7.22675,7.31475,7.57925,7.7147499999999996,7.974333333333334,7.54625,7.529249999999999,7.4647499999999996,7.7177500000000006,7.545249999999999,7.612,7.4745,7.5760000000000005
TTF-1,2,28950274,28977668,6.394285714285715,5.267,6.3495,5.4079999999999995,6.0388,5.789,5.150799999999999,5.64275,5.93025,5.489999999999999,5.91025,5.407,5.57175,5.835,5.6372,5.3405000000000005,5.70825,6.0765,6.0120000000000005,5.77825,5.51475,5.9185,6.184,6.04,5.9495,6.154999999999999,6.244000000000001,6.3823333333333325,5.9632499999999995,6.225,5.724,6.5142500000000005,6.454750000000001,6.4475,6.529333333333334,6.3469999999999995,6.3525,6.06725,6.401999999999999,6.208,6.335,6.15475,6.425
ubc,5,125463029,125467266,4.6209999999999996,3.66925,3.2560000000000002,2.915,3.1728,3.37725,3.5524,3.6199999999999997,3.6092500000000003,3.9865,2.9505,3.502,4.20825,3.07775,3.7092,3.6109999999999998,3.2115,3.0802500000000004,3.29025,4.60825,3.37025,4.58925,3.4050000000000002,3.9539999999999997,3.9322500000000002,3.617,3.699,3.513333333333333,3.534,3.6955,3.9115,4.23875,3.8415,3.8652500000000005,4.378666666666667,4.38425,3.99275,4.4015,3.99025,4.526249999999999,3.99425,4.34,5.057
Vegf,17,46327919,46343295,7.298571428571428,7.285749999999999,7.464,8.794,8.6684,8.874,7.7628,7.7387500000000005,8.8705,9.1915,8.73625,8.33125,8.5875,8.8765,9.3536,8.161,8.8215,8.939499999999999,9.23925,8.373750000000001,8.805250000000001,8.072999999999999,9.42775,9.286249999999999,9.3425,9.8825,9.60225,9.153,9.2295,9.552249999999999,9.614749999999999,10.16975,9.909,10.06425,9.655,10.22725,9.665499999999998,10.3505,10.057749999999999,10.303999999999998,10.234749999999998,10.22725,10.11025
VIM,2,13578738,13587637,10.802857142857144,10.42825,10.44725,10.6445,10.5414,10.6905,10.083,10.27175,10.931000000000001,11.549000000000001,10.532,10.582500000000001,11.22025,11.1265,11.016,10.487,10.6075,10.48025,10.3935,9.61975,10.43,10.8245,10.99375,11.06175,11.366,11.366,10.88975,11.051,11.0465,10.501,10.688500000000001,10.887,10.9905,10.89225,10.694,10.8045,10.675500000000001,10.794,10.74075,10.9105,10.8175,10.8975,10.925749999999999
Wif1,10,120869865,120936555,4.807714285714286,3.873,4.2035,3.5759999999999996,3.8289999999999997,4.30475,4.411,4.7284999999999995,4.649750000000001,5.31075,4.47425,4.7035,5.356999999999999,4.8652500000000005,5.114399999999999,4.891,4.921749999999999,5.492000000000001,5.63175,5.3195,4.5847500000000005,5.98425,5.43975,5.279249999999999,5.157,5.0205,4.36875,4.588333333333334,4.7379999999999995,4.80875,4.38825,4.371499999999999,4.189500000000001,3.94075,3.577666666666667,3.8534999999999995,3.6334999999999997,3.277,3.8765,3.2342500000000003,3.503,3.747,3.9877499999999997
ywhaz,15,36771014,36797173,10.110714285714286,9.40475,9.8955,9.311,9.733600000000001,9.73225,9.758000000000001,9.60825,9.75825,9.70625,9.785,9.77725,9.5755,9.62875,9.660799999999998,9.856,9.8525,9.791500000000001,9.72275,9.87275,9.83675,9.76125,9.8235,9.81725,9.934,9.901499999999999,9.719000000000001,9.712666666666667,9.81725,9.895,9.4845,9.927499999999998,9.726,9.706000000000001,9.817333333333332,9.634500000000001,9.67575,9.69,9.7125,9.803999999999998,9.739,9.921249999999999,9.7915
